ID,answer
TG_A_J_20230304,1208.6695996301025
TG_A_J_20230305,696.8443767664533
TG_A_J_20230306,1341.2125927134966
TG_A_J_20230307,1319.8227051223319
TG_A_J_20230308,1323.9590254967195
TG_A_J_20230309,1385.2274524577863
TG_A_J_20230310,1343.3550896966353
TG_A_J_20230311,1255.807009359932
TG_A_J_20230312,748.0534126764094
TG_A_J_20230313,1397.0344650507623
TG_A_J_20230314,1383.0793340519194
TG_A_J_20230315,1396.062468335817
TG_A_J_20230316,1467.0055006171174
TG_A_J_20230317,1434.5478171787804
TG_A_J_20230318,1355.5657071952423
TG_A_J_20230319,854.5206396451254
TG_A_J_20230320,1509.8798733866033
TG_A_J_20230321,1498.5606999776078
TG_A_J_20230322,1512.0590619472641
TG_A_J_20230323,1582.0937391096631
TG_A_J_20230324,1552.4057851264713
TG_A_J_20230325,1475.2675121009725
TG_A_J_20230326,974.2300652205436
TG_A_J_20230327,1627.8780335198621
TG_A_J_20230328,1614.3828536342712
TG_A_J_20230329,1617.4362545590584
TG_A_J_20230330,1675.705485282004
TG_A_J_20230331,1632.1502512788322
TG_A_S_20230304,1208.1460776223587
TG_A_S_20230305,420.72168423451865
TG_A_S_20230306,1299.4811221608757
TG_A_S_20230307,1294.2599356867645
TG_A_S_20230308,1301.919540140522
TG_A_S_20230309,1314.4710247052353
TG_A_S_20230310,1299.7198728759881
TG_A_S_20230311,1251.214941742975
TG_A_S_20230312,453.4617004228864
TG_A_S_20230313,1345.808467326824
TG_A_S_20230314,1344.4671800231713
TG_A_S_20230315,1359.1793647133259
TG_A_S_20230316,1378.6828910781505
TG_A_S_20230317,1371.1232944833664
TG_A_S_20230318,1329.4589644920509
TG_A_S_20230319,535.1612684834971
TG_A_S_20230320,1432.069648193005
TG_A_S_20230321,1432.5724927817623
TG_A_S_20230322,1445.8601554313968
TG_A_S_20230323,1465.577777307608
TG_A_S_20230324,1460.092953157355
TG_A_S_20230325,1420.172790396253
TG_A_S_20230326,627.1504634617277
TG_A_S_20230327,1523.4053068696523
TG_A_S_20230328,1523.6685864865935
TG_A_S_20230329,1529.9334367032393
TG_A_S_20230330,1535.5442110166277
TG_A_S_20230331,1518.936734088715
TG_B_J_20230304,1061.4589010833406
TG_B_J_20230305,397.8903067379887
TG_B_J_20230306,1167.3645110461937
TG_B_J_20230307,1185.3545395560486
TG_B_J_20230308,1159.6381333150125
TG_B_J_20230309,1174.8825067826406
TG_B_J_20230310,1179.2808836721308
TG_B_J_20230311,1030.517524982389
TG_B_J_20230312,399.13257578982905
TG_B_J_20230313,1140.23026565088
TG_B_J_20230314,1165.7597374153006
TG_B_J_20230315,1146.4664529948852
TG_B_J_20230316,1174.1631445742073
TG_B_J_20230317,1192.3252652776446
TG_B_J_20230318,1058.5030603191829
TG_B_J_20230319,410.96520759454074
TG_B_J_20230320,1199.50608786703
TG_B_J_20230321,1242.1056791705498
TG_B_J_20230322,1239.74272128514
TG_B_J_20230323,1283.2018043922078
TG_B_J_20230324,1317.2892498062265
TG_B_J_20230325,1197.8617306727244
TG_B_J_20230326,547.1388109107932
TG_B_J_20230327,1361.7018938399992
TG_B_J_20230328,1408.894014107477
TG_B_J_20230329,1406.6134222475616
TG_B_J_20230330,1444.8519130356408
TG_B_J_20230331,1473.921909410236
TG_B_S_20230304,761.9712346044138
TG_B_S_20230305,68.17999747082804
TG_B_S_20230306,813.2217993254396
TG_B_S_20230307,880.7998146116338
TG_B_S_20230308,835.6653509874883
TG_B_S_20230309,855.5656304242343
TG_B_S_20230310,846.9523684766401
TG_B_S_20230311,787.9130539253845
TG_B_S_20230312,93.337874583537
TG_B_S_20230313,838.7934338851381
TG_B_S_20230314,907.9758340576197
TG_B_S_20230315,878.9868437358589
TG_B_S_20230316,903.189351642639
TG_B_S_20230317,899.8569283024871
TG_B_S_20230318,846.9375281834716
TG_B_S_20230319,159.15474033119102
TG_B_S_20230320,911.8858081377167
TG_B_S_20230321,971.6550847278506
TG_B_S_20230322,949.6668047331499
TG_B_S_20230323,980.6765077741032
TG_B_S_20230324,983.7286112783034
TG_B_S_20230325,936.5468740014209
TG_B_S_20230326,253.64166568536686
TG_B_S_20230327,1010.1937955741664
TG_B_S_20230328,1089.517699687125
TG_B_S_20230329,1069.3478779544391
TG_B_S_20230330,1100.7043719327196
TG_B_S_20230331,1102.5518432103881
TG_C_J_20230304,1233.8056476493048
TG_C_J_20230305,386.7265311404
TG_C_J_20230306,1242.4092431174802
TG_C_J_20230307,1284.3172275542045
TG_C_J_20230308,1295.8409443613305
TG_C_J_20230309,1264.7562247677222
TG_C_J_20230310,1326.4332815624039
TG_C_J_20230311,1282.8568657599612
TG_C_J_20230312,384.2518168063074
TG_C_J_20230313,1316.906366740168
TG_C_J_20230314,1373.5034339573956
TG_C_J_20230315,1402.2409454543115
TG_C_J_20230316,1388.2717844927545
TG_C_J_20230317,1465.8908867245564
TG_C_J_20230318,1429.7169025694434
TG_C_J_20230319,508.3878394134784
TG_C_J_20230320,1477.2018252734865
TG_C_J_20230321,1533.1711370994874
TG_C_J_20230322,1555.8058179589052
TG_C_J_20230323,1535.1924762993212
TG_C_J_20230324,1604.388225974344
TG_C_J_20230325,1564.4965589107994
TG_C_J_20230326,633.9294712553265
TG_C_J_20230327,1588.0110114236131
TG_C_J_20230328,1630.518929640547
TG_C_J_20230329,1631.4996615848706
TG_C_J_20230330,1586.5633163642856
TG_C_J_20230331,1634.1212337664404
TG_C_S_20230304,771.494921038296
TG_C_S_20230305,48.99967334381954
TG_C_S_20230306,890.0313498306267
TG_C_S_20230307,888.1462681722261
TG_C_S_20230308,879.2024726791177
TG_C_S_20230309,897.5752526166517
TG_C_S_20230310,880.3655793511118
TG_C_S_20230311,816.846418607235
TG_C_S_20230312,85.65511049445954
TG_C_S_20230313,931.2852830989137
TG_C_S_20230314,950.411957817072
TG_C_S_20230315,947.6426704293538
TG_C_S_20230316,972.370163126393
TG_C_S_20230317,961.4413359586922
TG_C_S_20230318,903.866532731061
TG_C_S_20230319,190.96286508517144
TG_C_S_20230320,1041.5456366771048
TG_C_S_20230321,1064.5485381422786
TG_C_S_20230322,1064.3656826359227
TG_C_S_20230323,1090.2083025127067
TG_C_S_20230324,1078.7803341993267
TG_C_S_20230325,1018.9933297446911
TG_C_S_20230326,302.11421683071444
TG_C_S_20230327,1146.959813323275
TG_C_S_20230328,1162.5186578580146
TG_C_S_20230329,1153.2931555173523
TG_C_S_20230330,1168.6548302416127
TG_C_S_20230331,1145.5169288676198
TG_D_J_20230304,814.6396958329437
TG_D_J_20230305,391.79311234114675
TG_D_J_20230306,962.2874341220703
TG_D_J_20230307,920.9768441362867
TG_D_J_20230308,978.0861272679474
TG_D_J_20230309,910.4303694321915
TG_D_J_20230310,943.5928225377512
TG_D_J_20230311,848.8797606215362
TG_D_J_20230312,393.7802007186089
TG_D_J_20230313,1003.3386882676077
TG_D_J_20230314,967.3838565705307
TG_D_J_20230315,1030.797961524939
TG_D_J_20230316,968.644003405108
TG_D_J_20230317,1009.5396698498398
TG_D_J_20230318,922.1876992599118
TG_D_J_20230319,414.82809056369314
TG_D_J_20230320,1082.9047666779431
TG_D_J_20230321,1047.7504245429184
TG_D_J_20230322,1108.609525036553
TG_D_J_20230323,1045.7105940467454
TG_D_J_20230324,1083.5912078699325
TG_D_J_20230325,992.5217328948834
TG_D_J_20230326,430.56782515768475
TG_D_J_20230327,1142.201171962341
TG_D_J_20230328,1099.5253685133646
TG_D_J_20230329,1149.7092069235905
TG_D_J_20230330,1068.33925171498
TG_D_J_20230331,1089.384841855926
TG_D_S_20230304,1191.804552137179
TG_D_S_20230305,490.2810121259959
TG_D_S_20230306,1282.5024568737274
TG_D_S_20230307,1338.6967718631927
TG_D_S_20230308,1291.9660640544425
TG_D_S_20230309,1311.0859815233928
TG_D_S_20230310,1318.7614348794143
TG_D_S_20230311,1241.293552148228
TG_D_S_20230312,535.2158729053241
TG_D_S_20230313,1323.3114073517804
TG_D_S_20230314,1378.2107918549746
TG_D_S_20230315,1331.0513907918132
TG_D_S_20230316,1351.7933746693345
TG_D_S_20230317,1363.3329822516962
TG_D_S_20230318,1290.5799696182357
TG_D_S_20230319,588.4625195969629
TG_D_S_20230320,1380.6200328131827
TG_D_S_20230321,1438.837121260658
TG_D_S_20230322,1395.0832510772218
TG_D_S_20230323,1420.9089292609947
TG_D_S_20230324,1438.91347079924
TG_D_S_20230325,1372.5967198415221
TG_D_S_20230326,675.915689264977
TG_D_S_20230327,1472.8698720212392
TG_D_S_20230328,1534.5448649653324
TG_D_S_20230329,1485.389955019051
TG_D_S_20230330,1501.2314681158555
TG_D_S_20230331,1510.8860892226116
TG_E_J_20230304,867.6475142327685
TG_E_J_20230305,429.97321455932564
TG_E_J_20230306,949.3224108616778
TG_E_J_20230307,954.7685118208504
TG_E_J_20230308,883.89288146818
TG_E_J_20230309,862.8920925940738
TG_E_J_20230310,873.6603668910873
TG_E_J_20230311,843.7419959304415
TG_E_J_20230312,432.3247370860451
TG_E_J_20230313,923.4220059598417
TG_E_J_20230314,930.5064775237186
TG_E_J_20230315,861.1018115569361
TG_E_J_20230316,845.4453854306944
TG_E_J_20230317,860.4616383810239
TG_E_J_20230318,835.3808167015911
TG_E_J_20230319,450.49368815472366
TG_E_J_20230320,923.2291904125567
TG_E_J_20230321,930.8454342732061
TG_E_J_20230322,863.0236842673135
TG_E_J_20230323,847.9641908015678
TG_E_J_20230324,866.5025451811157
TG_E_J_20230325,846.243178224757
TG_E_J_20230326,465.31312324052885
TG_E_J_20230327,939.7155075732824
TG_E_J_20230328,951.2268339041905
TG_E_J_20230329,880.6385641265128
TG_E_J_20230330,857.0721110032787
TG_E_J_20230331,868.6823166968084
TG_E_S_20230304,955.5187740343438
TG_E_S_20230305,285.5641902817989
TG_E_S_20230306,1043.9563809315378
TG_E_S_20230307,1021.75222516922
TG_E_S_20230308,1015.7426353195938
TG_E_S_20230309,1010.7865751818626
TG_E_S_20230310,1022.5039991402141
TG_E_S_20230311,973.1232886743727
TG_E_S_20230312,303.0838893533172
TG_E_S_20230313,1064.385229336762
TG_E_S_20230314,1050.3807243228891
TG_E_S_20230315,1048.6180600142102
TG_E_S_20230316,1040.7891196748187
TG_E_S_20230317,1051.2329641167287
TG_E_S_20230318,1000.7515770236355
TG_E_S_20230319,346.9086056833636
TG_E_S_20230320,1114.2283143808181
TG_E_S_20230321,1101.8981866860693
TG_E_S_20230322,1106.007261690197
TG_E_S_20230323,1108.3720600099273
TG_E_S_20230324,1127.9603493661084
TG_E_S_20230325,1084.945292726584
TG_E_S_20230326,430.9356569897692
TG_E_S_20230327,1196.3881842072242
TG_E_S_20230328,1187.6798035471743
TG_E_S_20230329,1191.870134702764
TG_E_S_20230330,1195.2759128202297
TG_E_S_20230331,1208.7041832297227
CR_A_J_20230304,520.3912040572728
CR_A_J_20230305,473.5974074073441
CR_A_J_20230306,620.3279776916368
CR_A_J_20230307,638.2635089876306
CR_A_J_20230308,633.1585646604898
CR_A_J_20230309,638.8688466293262
CR_A_J_20230310,638.5231450311542
CR_A_J_20230311,525.1913578035403
CR_A_J_20230312,479.1109663757688
CR_A_J_20230313,626.6046594066532
CR_A_J_20230314,645.3246541673539
CR_A_J_20230315,640.9979490784708
CR_A_J_20230316,647.4543745402977
CR_A_J_20230317,647.7993465296619
CR_A_J_20230318,535.0826140168122
CR_A_J_20230319,489.5252683892439
CR_A_J_20230320,637.4378676417239
CR_A_J_20230321,656.465032045314
CR_A_J_20230322,652.3308449552268
CR_A_J_20230323,658.8668941876839
CR_A_J_20230324,659.1848610629702
CR_A_J_20230325,546.3449588323385
CR_A_J_20230326,500.5825013241057
CR_A_J_20230327,648.2254700212139
CR_A_J_20230328,666.9384568372684
CR_A_J_20230329,662.4673390279789
CR_A_J_20230330,663.8094032180576
CR_A_J_20230331,657.7759538274466
CR_B_J_20230304,196.28944183774684
CR_B_J_20230305,182.31384486900873
CR_B_J_20230306,241.4260352853014
CR_B_J_20230307,221.77145178181422
CR_B_J_20230308,226.15152012170785
CR_B_J_20230309,227.22973684161119
CR_B_J_20230310,219.66614757818633
CR_B_J_20230311,195.80235053783144
CR_B_J_20230312,180.83726275315053
CR_B_J_20230313,238.20544928007175
CR_B_J_20230314,215.97144875282618
CR_B_J_20230315,222.0395321750717
CR_B_J_20230316,225.09438908868123
CR_B_J_20230317,212.93234900593603
CR_B_J_20230318,185.0289234631411
CR_B_J_20230319,166.54311493045927
CR_B_J_20230320,223.53978950420424
CR_B_J_20230321,200.151233540152
CR_B_J_20230322,200.39600142570856
CR_B_J_20230323,203.50059681066352
CR_B_J_20230324,197.98971078109554
CR_B_J_20230325,176.55427653218436
CR_B_J_20230326,158.99566845862046
CR_B_J_20230327,217.01443173566355
CR_B_J_20230328,194.80843339479145
CR_B_J_20230329,196.26530429169634
CR_B_J_20230330,194.77814756089202
CR_B_J_20230331,184.00450927182715
CR_C_J_20230304,118.54049237115952
CR_C_J_20230305,74.18605935980598
CR_C_J_20230306,149.86206841821
CR_C_J_20230307,134.58045505438312
CR_C_J_20230308,141.34495240511342
CR_C_J_20230309,129.8736617879596
CR_C_J_20230310,130.34106666012713
CR_C_J_20230311,117.70077231193781
CR_C_J_20230312,74.89676338176105
CR_C_J_20230313,152.1865026622995
CR_C_J_20230314,133.89403627649295
CR_C_J_20230315,142.09472022824866
CR_C_J_20230316,138.40197605525995
CR_C_J_20230317,134.95438032996475
CR_C_J_20230318,123.38508736152396
CR_C_J_20230319,81.41710453997199
CR_C_J_20230320,159.26262169679174
CR_C_J_20230321,145.84781247884416
CR_C_J_20230322,154.09310076717128
CR_C_J_20230323,150.06655783151348
CR_C_J_20230324,151.24339042757816
CR_C_J_20230325,138.72156405557132
CR_C_J_20230326,95.3932774508346
CR_C_J_20230327,171.4765525129633
CR_C_J_20230328,155.91250283250042
CR_C_J_20230329,161.64542935264197
CR_C_J_20230330,154.77582565556642
CR_C_J_20230331,152.81926208817936
CR_D_J_20230304,338.82277400179214
CR_D_J_20230305,258.79910001750704
CR_D_J_20230306,358.40632377444115
CR_D_J_20230307,357.5517212894846
CR_D_J_20230308,358.9276239802747
CR_D_J_20230309,360.90196941756375
CR_D_J_20230310,364.7397970644653
CR_D_J_20230311,348.1596736784295
CR_D_J_20230312,269.43024202818503
CR_D_J_20230313,370.8862876540207
CR_D_J_20230314,371.5123646947941
CR_D_J_20230315,374.81761487666364
CR_D_J_20230316,378.89011881365343
CR_D_J_20230317,384.5098439425149
CR_D_J_20230318,369.4858201945683
CR_D_J_20230319,291.65442816890163
CR_D_J_20230320,395.6867474593807
CR_D_J_20230321,398.23109890658486
CR_D_J_20230322,402.6381954334932
CR_D_J_20230323,408.2318469289757
CR_D_J_20230324,415.3172730336995
CR_D_J_20230325,401.6882552551868
CR_D_J_20230326,325.2654649019822
CR_D_J_20230327,428.43063598065874
CR_D_J_20230328,429.6286192844655
CR_D_J_20230329,431.9465701609467
CR_D_J_20230330,434.704416925675
CR_D_J_20230331,437.6724218523731
CR_D_S_20230304,342.79212538267154
CR_D_S_20230305,355.07692503820186
CR_D_S_20230306,369.2952907537308
CR_D_S_20230307,366.1989431647694
CR_D_S_20230308,361.9095447044466
CR_D_S_20230309,363.7434019045921
CR_D_S_20230310,357.6445706259317
CR_D_S_20230311,355.3061196579149
CR_D_S_20230312,354.1556184471972
CR_D_S_20230313,368.14072113822954
CR_D_S_20230314,363.55215848634083
CR_D_S_20230315,359.8328759874916
CR_D_S_20230316,362.11637508441447
CR_D_S_20230317,358.02755223176376
CR_D_S_20230318,356.8343068316272
CR_D_S_20230319,369.5783892153009
CR_D_S_20230320,383.5807900480195
CR_D_S_20230321,382.05375167008606
CR_D_S_20230322,378.56655131760635
CR_D_S_20230323,378.5819061644313
CR_D_S_20230324,372.5335072243863
CR_D_S_20230325,369.9525610504505
CR_D_S_20230326,367.9080096562305
CR_D_S_20230327,381.5223273572499
CR_D_S_20230328,381.2203728708346
CR_D_S_20230329,379.00078568606506
CR_D_S_20230330,381.1386226473115
CR_D_S_20230331,377.88980808663985
CR_E_J_20230304,321.4516498504355
CR_E_J_20230305,276.1549942036255
CR_E_J_20230306,376.33668352372956
CR_E_J_20230307,362.4130863998869
CR_E_J_20230308,368.24230299349387
CR_E_J_20230309,372.9556224999085
CR_E_J_20230310,380.6839490110622
CR_E_J_20230311,344.5567643854632
CR_E_J_20230312,285.6132757645807
CR_E_J_20230313,387.3145999740216
CR_E_J_20230314,379.13666029136346
CR_E_J_20230315,386.78633682982615
CR_E_J_20230316,393.3337556121294
CR_E_J_20230317,402.8576055149765
CR_E_J_20230318,347.0030841221013
CR_E_J_20230319,304.4149360662068
CR_E_J_20230320,407.2187977196383
CR_E_J_20230321,414.0249955114
CR_E_J_20230322,422.6773721459035
CR_E_J_20230323,429.86575300273216
CR_E_J_20230324,439.62559246464554
CR_E_J_20230325,383.56629438217044
CR_E_J_20230326,340.30549527379753
CR_E_J_20230327,441.9514514008234
CR_E_J_20230328,425.6790755567124
CR_E_J_20230329,415.18543835759544
CR_E_J_20230330,418.3909958282943
CR_E_J_20230331,423.67372848943484
CR_E_S_20230304,252.87857143987824
CR_E_S_20230305,261.9099489859181
CR_E_S_20230306,271.263875732674
CR_E_S_20230307,264.87329986687416
CR_E_S_20230308,274.33306057535265
CR_E_S_20230309,270.0163841697659
CR_E_S_20230310,265.33839789038296
CR_E_S_20230311,258.79334067753786
CR_E_S_20230312,252.3788171254823
CR_E_S_20230313,261.39234630710183
CR_E_S_20230314,254.2063586739521
CR_E_S_20230315,248.35658576916038
CR_E_S_20230316,257.2264638396939
CR_E_S_20230317,266.4131232607239
CR_E_S_20230318,275.9278776649454
CR_E_S_20230319,285.78244472120275
CR_E_S_20230320,295.9889605988825
CR_E_S_20230321,291.7885663368988
CR_E_S_20230322,302.2095865641937
CR_E_S_20230323,297.34564323407966
CR_E_S_20230324,291.25798763662414
CR_E_S_20230325,286.5172014768954
CR_E_S_20230326,281.6356729542355
CR_E_S_20230327,291.69408984022476
CR_E_S_20230328,287.8117359058463
CR_E_S_20230329,283.3764407592387
CR_E_S_20230330,279.99702793629694
CR_E_S_20230331,277.2254932208969
CB_A_J_20230304,451.146152117929
CB_A_J_20230305,402.6110175671301
CB_A_J_20230306,455.23120780714817
CB_A_J_20230307,444.9177540081685
CB_A_J_20230308,446.33456480859695
CB_A_J_20230309,436.00537844627036
CB_A_J_20230310,441.79342644279143
CB_A_J_20230311,426.3390807841329
CB_A_J_20230312,399.8976335113359
CB_A_J_20230313,453.0820334135037
CB_A_J_20230314,442.2584129085243
CB_A_J_20230315,443.8696890957837
CB_A_J_20230316,433.8183819192382
CB_A_J_20230317,438.39605314606877
CB_A_J_20230318,423.0222800801991
CB_A_J_20230319,395.9157665578785
CB_A_J_20230320,448.2785491846446
CB_A_J_20230321,437.34860915373025
CB_A_J_20230322,435.7538974828734
CB_A_J_20230323,422.9979992371761
CB_A_J_20230324,425.7388903653937
CB_A_J_20230325,409.4896841258019
CB_A_J_20230326,381.22873763568964
CB_A_J_20230327,432.5350137663601
CB_A_J_20230328,419.8330496280943
CB_A_J_20230329,419.3891858479955
CB_A_J_20230330,407.5768050901352
CB_A_J_20230331,412.24839201073803
CB_A_S_20230304,0.18915624594229682
CB_A_S_20230305,4.610722509040543e-09
CB_A_S_20230306,1.9690829810759933
CB_A_S_20230307,2.5792908039488123
CB_A_S_20230308,3.7129682164692355
CB_A_S_20230309,3.229981837620246
CB_A_S_20230310,5.454822074531583
CB_A_S_20230311,5.090232620237648
CB_A_S_20230312,3.770995457357987
CB_A_S_20230313,6.764155274138854
CB_A_S_20230314,7.184238156048843
CB_A_S_20230315,8.039424248744028
CB_A_S_20230316,7.194244085553298
CB_A_S_20230317,8.979636875966731
CB_A_S_20230318,8.10643334057713
CB_A_S_20230319,6.218955670161499
CB_A_S_20230320,8.595023766032131
CB_A_S_20230321,8.36092746329446
CB_A_S_20230322,8.53733089449783
CB_A_S_20230323,7.001685385059165
CB_A_S_20230324,8.097996009971029
CB_A_S_20230325,6.550011651174094
CB_A_S_20230326,4.014538395074284
CB_A_S_20230327,5.7811721613779685
CB_A_S_20230328,4.9870169350066105
CB_A_S_20230329,4.6623607686657005
CB_A_S_20230330,2.692891191513674
CB_A_S_20230331,3.429299663203421
CB_D_J_20230304,375.01396284927876
CB_D_J_20230305,364.84493534086744
CB_D_J_20230306,401.2170708731029
CB_D_J_20230307,396.7326644504425
CB_D_J_20230308,395.2201648699521
CB_D_J_20230309,391.7847592510334
CB_D_J_20230310,388.67851239450414
CB_D_J_20230311,383.4578267416059
CB_D_J_20230312,371.9792406866762
CB_D_J_20230313,407.187114949058
CB_D_J_20230314,401.275280575543
CB_D_J_20230315,399.74234258477054
CB_D_J_20230316,395.7164425860811
CB_D_J_20230317,391.93813792946247
CB_D_J_20230318,385.84196206570607
CB_D_J_20230319,374.2595071657059
CB_D_J_20230320,409.5183912633653
CB_D_J_20230321,403.69073283652244
CB_D_J_20230322,402.6527861802694
CB_D_J_20230323,399.19285270226925
CB_D_J_20230324,394.64819564236905
CB_D_J_20230325,388.65687976885323
CB_D_J_20230326,377.44078231751917
CB_D_J_20230327,413.0123065661295
CB_D_J_20230328,406.8415266321782
CB_D_J_20230329,404.92077821318844
CB_D_J_20230330,400.9847231085642
CB_D_J_20230331,398.17756424988943
CB_E_J_20230304,91.4314615431193
CB_E_J_20230305,53.03988834260263
CB_E_J_20230306,99.32019217594213
CB_E_J_20230307,96.56514096763865
CB_E_J_20230308,92.18879437527616
CB_E_J_20230309,95.48030380070261
CB_E_J_20230310,98.14515924046154
CB_E_J_20230311,87.39587024820628
CB_E_J_20230312,48.810499157340324
CB_E_J_20230313,95.00669490790784
CB_E_J_20230314,92.28206315668145
CB_E_J_20230315,88.0531613355962
CB_E_J_20230316,91.60909912723466
CB_E_J_20230317,94.6526296331616
CB_E_J_20230318,84.390725685338
CB_E_J_20230319,46.39306557713257
CB_E_J_20230320,93.26608177852978
CB_E_J_20230321,91.29341201937328
CB_E_J_20230322,87.87504351835064
CB_E_J_20230323,92.28113143003712
CB_E_J_20230324,96.19337539356285
CB_E_J_20230325,86.79594547422452
CB_E_J_20230326,49.63437682990381
CB_E_J_20230327,97.29007971780175
CB_E_J_20230328,96.02129581173757
CB_E_J_20230329,93.2027815054505
CB_E_J_20230330,98.0801878596662
CB_E_J_20230331,102.31200863020172
RD_A_J_20230304,424.08354058619045
RD_A_J_20230305,382.6531168207995
RD_A_J_20230306,486.08026748825273
RD_A_J_20230307,494.1112034300959
RD_A_J_20230308,483.2718841296684
RD_A_J_20230309,490.6836556152256
RD_A_J_20230310,484.25862281288875
RD_A_J_20230311,419.8543411222551
RD_A_J_20230312,384.71097378935417
RD_A_J_20230313,489.86117203337585
RD_A_J_20230314,498.3170007216268
RD_A_J_20230315,489.3544079868415
RD_A_J_20230316,498.833092618057
RD_A_J_20230317,491.79966920000226
RD_A_J_20230318,419.55738838518687
RD_A_J_20230319,380.64365166749144
RD_A_J_20230320,486.2421823599476
RD_A_J_20230321,497.1363779604971
RD_A_J_20230322,490.1587745209906
RD_A_J_20230323,499.4244312498755
RD_A_J_20230324,496.18002270844016
RD_A_J_20230325,432.606643055097
RD_A_J_20230326,398.0349839178417
RD_A_J_20230327,503.4035106849301
RD_A_J_20230328,505.06649259851673
RD_A_J_20230329,498.1857334355957
RD_A_J_20230330,506.2755472053728
RD_A_J_20230331,500.13170806588244
RD_A_S_20230304,167.90650635018164
RD_A_S_20230305,129.83882145255657
RD_A_S_20230306,173.12068533914913
RD_A_S_20230307,171.5424373769047
RD_A_S_20230308,170.10785292804866
RD_A_S_20230309,170.08204800396817
RD_A_S_20230310,171.77874213036336
RD_A_S_20230311,167.91877791935332
RD_A_S_20230312,128.4774987445973
RD_A_S_20230313,172.17917253129798
RD_A_S_20230314,170.73129011056596
RD_A_S_20230315,167.64870077391913
RD_A_S_20230316,165.4159656509877
RD_A_S_20230317,164.72179479092065
RD_A_S_20230318,159.11648073759696
RD_A_S_20230319,120.20462177177026
RD_A_S_20230320,164.61868295635617
RD_A_S_20230321,161.90670010737188
RD_A_S_20230322,159.80458449343868
RD_A_S_20230323,159.55549331446932
RD_A_S_20230324,162.50686136165996
RD_A_S_20230325,159.72904985565853
RD_A_S_20230326,122.0749867250292
RD_A_S_20230327,167.08011050765208
RD_A_S_20230328,165.78089476472655
RD_A_S_20230329,164.82256207092038
RD_A_S_20230330,165.13646846973717
RD_A_S_20230331,166.74355834593092
RD_C_S_20230304,13.70338963851856
RD_C_S_20230305,11.760577372616542
RD_C_S_20230306,13.766845880549418
RD_C_S_20230307,12.817345649656444
RD_C_S_20230308,11.004249359735775
RD_C_S_20230309,10.381072104177768
RD_C_S_20230310,8.150021906913762
RD_C_S_20230311,9.565131392916284
RD_C_S_20230312,7.173570565529175
RD_C_S_20230313,8.751793824505041
RD_C_S_20230314,7.4016241609509645
RD_C_S_20230315,7.899740878020928
RD_C_S_20230316,7.043223129669306
RD_C_S_20230317,6.410336391166159
RD_C_S_20230318,7.750465999319179
RD_C_S_20230319,5.3367914172863085
RD_C_S_20230320,6.946375735148128
RD_C_S_20230321,5.680366031485007
RD_C_S_20230322,6.313491086079605
RD_C_S_20230323,5.639646701206741
RD_C_S_20230324,5.232754874194383
RD_C_S_20230325,6.836799349266778
RD_C_S_20230326,4.71862882697426
RD_C_S_20230327,6.64819920459581
RD_C_S_20230328,5.718946789593284
RD_C_S_20230329,6.697474692734658
RD_C_S_20230330,6.369337966542863
RD_C_S_20230331,6.300108733078382
RD_D_J_20230304,76.02537156081844
RD_D_J_20230305,41.460394452718525
RD_D_J_20230306,82.39562667200195
RD_D_J_20230307,82.08991347768658
RD_D_J_20230308,80.61794373133694
RD_D_J_20230309,80.16201390345886
RD_D_J_20230310,79.58788449124538
RD_D_J_20230311,74.35593948912373
RD_D_J_20230312,40.426315716633596
RD_D_J_20230313,82.10497753131799
RD_D_J_20230314,82.62329159451436
RD_D_J_20230315,82.02704154420421
RD_D_J_20230316,82.4691597529303
RD_D_J_20230317,82.78654845494094
RD_D_J_20230318,78.41217163644049
RD_D_J_20230319,40.63819914132936
RD_D_J_20230320,82.86847949675932
RD_D_J_20230321,83.83317511895885
RD_D_J_20230322,83.56393644629837
RD_D_J_20230323,84.20427764847337
RD_D_J_20230324,84.58664474704389
RD_D_J_20230325,80.14459258936125
RD_D_J_20230326,46.81870823525898
RD_D_J_20230327,88.90323427721776
RD_D_J_20230328,89.62593193984327
RD_D_J_20230329,89.03711752614478
RD_D_J_20230330,89.30215111565026
RD_D_J_20230331,85.44204538743901
RD_D_S_20230304,178.83677888821785
RD_D_S_20230305,140.51733301933203
RD_D_S_20230306,185.6114494545968
RD_D_S_20230307,186.46859285828526
RD_D_S_20230308,185.62198772272762
RD_D_S_20230309,184.2168976120447
RD_D_S_20230310,186.79087476451096
RD_D_S_20230311,179.33706888079934
RD_D_S_20230312,140.76631524163307
RD_D_S_20230313,186.30684337020648
RD_D_S_20230314,188.66462915059722
RD_D_S_20230315,187.98356609985805
RD_D_S_20230316,185.55494826744516
RD_D_S_20230317,186.2104145149373
RD_D_S_20230318,177.7698310654027
RD_D_S_20230319,137.0516612331085
RD_D_S_20230320,182.89763298154946
RD_D_S_20230321,184.0017292128764
RD_D_S_20230322,183.11993262207895
RD_D_S_20230323,182.11666403965413
RD_D_S_20230324,184.27088580223437
RD_D_S_20230325,177.1839167285563
RD_D_S_20230326,137.8874585180954
RD_D_S_20230327,183.61213290284235
RD_D_S_20230328,184.53677933015157
RD_D_S_20230329,183.59411037235682
RD_D_S_20230330,181.4342318456035
RD_D_S_20230331,182.65905543402874
RD_E_J_20230304,143.18239540574322
RD_E_J_20230305,122.85369462605757
RD_E_J_20230306,167.11504473664283
RD_E_J_20230307,161.22478273238823
RD_E_J_20230308,158.55960775172412
RD_E_J_20230309,156.55551386112737
RD_E_J_20230310,156.3719223383999
RD_E_J_20230311,143.44060724548675
RD_E_J_20230312,120.26277615916806
RD_E_J_20230313,164.92892337616075
RD_E_J_20230314,163.3677347088983
RD_E_J_20230315,161.34149133143572
RD_E_J_20230316,159.8484606991329
RD_E_J_20230317,160.4150156860384
RD_E_J_20230318,143.08073318114992
RD_E_J_20230319,119.31154837764271
RD_E_J_20230320,164.52557296015027
RD_E_J_20230321,162.3339143762011
RD_E_J_20230322,160.63486098143082
RD_E_J_20230323,159.66144242513505
RD_E_J_20230324,160.52746634131512
RD_E_J_20230325,144.60415517630503
RD_E_J_20230326,120.73164974131251
RD_E_J_20230327,165.98236278180428
RD_E_J_20230328,164.14062387507704
RD_E_J_20230329,162.66558913166423
RD_E_J_20230330,165.63848527451944
RD_E_J_20230331,161.84753176999726
RD_E_S_20230304,96.93738169984852
RD_E_S_20230305,85.34846588726622
RD_E_S_20230306,113.28042758087525
RD_E_S_20230307,118.14359833320714
RD_E_S_20230308,113.95743225406414
RD_E_S_20230309,106.41999485452322
RD_E_S_20230310,115.29494319374943
RD_E_S_20230311,93.30054717988416
RD_E_S_20230312,81.51297261589005
RD_E_S_20230313,109.36417559690109
RD_E_S_20230314,114.25742368950677
RD_E_S_20230315,117.02360351455457
RD_E_S_20230316,109.94903022148885
RD_E_S_20230317,114.54788012801
RD_E_S_20230318,97.7290335106425
RD_E_S_20230319,86.59425809161964
RD_E_S_20230320,115.13081735126778
RD_E_S_20230321,115.9322093339911
RD_E_S_20230322,114.3491250062209
RD_E_S_20230323,107.60809201587057
RD_E_S_20230324,117.32077486022754
RD_E_S_20230325,100.91392241616823
RD_E_S_20230326,90.13567864893771
RD_E_S_20230327,118.96722753322884
RD_E_S_20230328,120.82743559787811
RD_E_S_20230329,119.91775423936834
RD_E_S_20230330,108.26306559887621
RD_E_S_20230331,113.04745744796179
BC_A_J_20230304,468.6425534763087
BC_A_J_20230305,149.64970985305263
BC_A_J_20230306,477.1472349242427
BC_A_J_20230307,477.7911544638107
BC_A_J_20230308,474.9083198259705
BC_A_J_20230309,477.7600444047477
BC_A_J_20230310,481.8139545268367
BC_A_J_20230311,483.1338002470916
BC_A_J_20230312,166.75414217612666
BC_A_J_20230313,497.4330165210068
BC_A_J_20230314,500.79805169169856
BC_A_J_20230315,500.916104133209
BC_A_J_20230316,506.4965251376917
BC_A_J_20230317,512.179133130283
BC_A_J_20230318,515.2191665793441
BC_A_J_20230319,201.53159834781545
BC_A_J_20230320,535.322752875756
BC_A_J_20230321,541.081801152947
BC_A_J_20230322,543.6896287845575
BC_A_J_20230323,551.7583922450115
BC_A_J_20230324,560.2883811725632
BC_A_J_20230325,565.5984485669851
BC_A_J_20230326,252.80939707611793
BC_A_J_20230327,585.450909250003
BC_A_J_20230328,590.1266468012755
BC_A_J_20230329,590.0128837326973
BC_A_J_20230330,594.3153719222692
BC_A_J_20230331,598.7257285940362
BC_A_S_20230304,837.6043790131605
BC_A_S_20230305,549.8798699399728
BC_A_S_20230306,828.6332632820618
BC_A_S_20230307,838.0020405296171
BC_A_S_20230308,860.4004330679966
BC_A_S_20230309,858.1743955331735
BC_A_S_20230310,861.7185352283161
BC_A_S_20230311,861.8317869441514
BC_A_S_20230312,573.9340321202282
BC_A_S_20230313,854.3117565167263
BC_A_S_20230314,863.0008383005948
BC_A_S_20230315,883.3316468935739
BC_A_S_20230316,884.915511594849
BC_A_S_20230317,891.4839934712325
BC_A_S_20230318,890.1073265867179
BC_A_S_20230319,604.7048266332861
BC_A_S_20230320,890.80939355021
BC_A_S_20230321,904.93762798894
BC_A_S_20230322,930.7111236816243
BC_A_S_20230323,930.8038757354789
BC_A_S_20230324,939.8051810329007
BC_A_S_20230325,941.9194214470801
BC_A_S_20230326,655.8960913483131
BC_A_S_20230327,946.0356502020572
BC_A_S_20230328,961.473450499818
BC_A_S_20230329,979.2541485624885
BC_A_S_20230330,976.6729235148557
BC_A_S_20230331,983.1600463547304
BC_B_J_20230304,965.1777046338825
BC_B_J_20230305,769.6934487830697
BC_B_J_20230306,1010.0028059091612
BC_B_J_20230307,1002.9468307796135
BC_B_J_20230308,1002.2200445926937
BC_B_J_20230309,1006.6439722790499
BC_B_J_20230310,1001.9100328806932
BC_B_J_20230311,991.321793478298
BC_B_J_20230312,793.643974872932
BC_B_J_20230313,1032.0105327051901
BC_B_J_20230314,1020.1008999136905
BC_B_J_20230315,1012.7443545468682
BC_B_J_20230316,1018.3328740485032
BC_B_J_20230317,1014.7873386186874
BC_B_J_20230318,999.1816082996071
BC_B_J_20230319,798.2408850734248
BC_B_J_20230320,1038.608572892664
BC_B_J_20230321,1026.1157618728016
BC_B_J_20230322,1012.7824753714732
BC_B_J_20230323,1015.7274819342597
BC_B_J_20230324,1010.1350343511895
BC_B_J_20230325,997.4009740532823
BC_B_J_20230326,792.7574441930403
BC_B_J_20230327,1035.6419352156222
BC_B_J_20230328,1018.8867105638475
BC_B_J_20230329,1007.8868960004179
BC_B_J_20230330,1007.0970800889615
BC_B_J_20230331,997.084025776741
BC_B_S_20230304,638.1438611395878
BC_B_S_20230305,633.726086939744
BC_B_S_20230306,671.8471615700255
BC_B_S_20230307,689.723358118496
BC_B_S_20230308,709.8380161296126
BC_B_S_20230309,730.6756368646728
BC_B_S_20230310,710.9896434240474
BC_B_S_20230311,696.949296067872
BC_B_S_20230312,683.3100707727708
BC_B_S_20230313,717.6958882320546
BC_B_S_20230314,729.0969477682145
BC_B_S_20230315,737.3374978272218
BC_B_S_20230316,759.8642879450774
BC_B_S_20230317,754.7563097736032
BC_B_S_20230318,762.8401985983274
BC_B_S_20230319,737.7708723168258
BC_B_S_20230320,768.9780368415928
BC_B_S_20230321,755.3092746077014
BC_B_S_20230322,756.5412555352349
BC_B_S_20230323,756.0847771083176
BC_B_S_20230324,714.472589509957
BC_B_S_20230325,707.2273050898492
BC_B_S_20230326,688.3644962055664
BC_B_S_20230327,716.2484005988761
BC_B_S_20230328,709.0911930622441
BC_B_S_20230329,706.4226075706314
BC_B_S_20230330,688.6592579469739
BC_B_S_20230331,664.437808204294
BC_C_J_20230304,826.430791498718
BC_C_J_20230305,638.025033348943
BC_C_J_20230306,878.2655853920272
BC_C_J_20230307,868.4401185265044
BC_C_J_20230308,868.4512776737315
BC_C_J_20230309,886.4379717861649
BC_C_J_20230310,876.5441436911126
BC_C_J_20230311,871.4995314687324
BC_C_J_20230312,673.6883514969684
BC_C_J_20230313,910.3103990716888
BC_C_J_20230314,892.7114262280872
BC_C_J_20230315,888.0019316155154
BC_C_J_20230316,899.8880369227597
BC_C_J_20230317,887.4792105999641
BC_C_J_20230318,879.731376524375
BC_C_J_20230319,678.0948227872044
BC_C_J_20230320,916.6260410930332
BC_C_J_20230321,896.574658183733
BC_C_J_20230322,888.6471886915335
BC_C_J_20230323,898.9493641304846
BC_C_J_20230324,884.7027215981141
BC_C_J_20230325,876.401008960597
BC_C_J_20230326,678.8402177521536
BC_C_J_20230327,924.4266257704397
BC_C_J_20230328,906.6601592860468
BC_C_J_20230329,902.6125916857454
BC_C_J_20230330,914.5350341578486
BC_C_J_20230331,903.8278394662825
BC_C_S_20230304,708.2642857364639
BC_C_S_20230305,715.4022959309119
BC_C_S_20230306,753.2155402901592
BC_C_S_20230307,762.2174357910753
BC_C_S_20230308,766.2735448305309
BC_C_S_20230309,777.9170597983483
BC_C_S_20230310,786.0028400732941
BC_C_S_20230311,791.8901598236363
BC_C_S_20230312,795.3755456709212
BC_C_S_20230313,842.7622559854487
BC_C_S_20230314,849.5498549416982
BC_C_S_20230315,854.3597819100751
BC_C_S_20230316,860.035237095876
BC_C_S_20230317,848.5184631744187
BC_C_S_20230318,837.146168070833
BC_C_S_20230319,813.8774013061343
BC_C_S_20230320,859.0755480122909
BC_C_S_20230321,852.0499803293485
BC_C_S_20230322,812.29257484789
BC_C_S_20230323,811.9281333756974
BC_C_S_20230324,798.7475304660012
BC_C_S_20230325,791.3359976785631
BC_C_S_20230326,773.1922239102305
BC_C_S_20230327,814.754921497304
BC_C_S_20230328,800.8764878955016
BC_C_S_20230329,799.6392750929755
BC_C_S_20230330,799.6995279744345
BC_C_S_20230331,795.1253845960942
BC_D_J_20230304,911.2504155095285
BC_D_J_20230305,665.9013162761587
BC_D_J_20230306,969.5892425721377
BC_D_J_20230307,963.6943498431312
BC_D_J_20230308,977.3519485742361
BC_D_J_20230309,973.3674072509339
BC_D_J_20230310,977.2905327175082
BC_D_J_20230311,955.7504902698827
BC_D_J_20230312,706.9024837534623
BC_D_J_20230313,1009.6857393032146
BC_D_J_20230314,1002.0310234457918
BC_D_J_20230315,1017.985368606619
BC_D_J_20230316,1014.1686909697241
BC_D_J_20230317,1011.8811773645605
BC_D_J_20230318,990.9729135961763
BC_D_J_20230319,737.4661415956186
BC_D_J_20230320,1044.545651486473
BC_D_J_20230321,1037.0035892348803
BC_D_J_20230322,1052.2388341483297
BC_D_J_20230323,1050.8125209404207
BC_D_J_20230324,1053.4650942321553
BC_D_J_20230325,1035.2852518324848
BC_D_J_20230326,784.4064377727584
BC_D_J_20230327,1097.473999248685
BC_D_J_20230328,1090.005033616248
BC_D_J_20230329,1105.1781116870275
BC_D_J_20230330,1100.4999558355544
BC_D_J_20230331,1100.1658878838086
BC_E_J_20230304,544.297040173386
BC_E_J_20230305,243.58731342605665
BC_E_J_20230306,558.8865668409153
BC_E_J_20230307,548.4900877023694
BC_E_J_20230308,565.5236129212474
BC_E_J_20230309,555.4341259482051
BC_E_J_20230310,559.4917616706853
BC_E_J_20230311,514.9317676781748
BC_E_J_20230312,194.60423129751268
BC_E_J_20230313,507.19590143126914
BC_E_J_20230314,500.473991360829
BC_E_J_20230315,515.5699540337594
BC_E_J_20230316,508.89794839146566
BC_E_J_20230317,511.10682860211523
BC_E_J_20230318,514.4024450452531
BC_E_J_20230319,217.50536614972015
BC_E_J_20230320,531.0345239260546
BC_E_J_20230321,537.489648015669
BC_E_J_20230322,546.7855826925866
BC_E_J_20230323,546.6513842790583
BC_E_J_20230324,550.4583940579404
BC_E_J_20230325,547.4067810890152
BC_E_J_20230326,238.87811971453692
BC_E_J_20230327,553.4206270686954
BC_E_J_20230328,560.9187785705451
BC_E_J_20230329,585.0999325066358
BC_E_J_20230330,586.5546700807757
BC_E_J_20230331,591.9868555839886
BC_E_S_20230304,858.6245566721066
BC_E_S_20230305,612.3148606536648
BC_E_S_20230306,879.5776389507566
BC_E_S_20230307,864.9227036000073
BC_E_S_20230308,879.2049773885171
BC_E_S_20230309,890.1358775142685
BC_E_S_20230310,889.3772647214457
BC_E_S_20230311,884.3862785592826
BC_E_S_20230312,632.8025259829006
BC_E_S_20230313,902.4594254635892
BC_E_S_20230314,889.1820485438071
BC_E_S_20230315,906.4262044286855
BC_E_S_20230316,920.5467515212958
BC_E_S_20230317,922.1118264674384
BC_E_S_20230318,927.1190718076209
BC_E_S_20230319,681.6320443425436
BC_E_S_20230320,957.4142272940961
BC_E_S_20230321,948.457320441345
BC_E_S_20230322,963.1410529729529
BC_E_S_20230323,981.8119225622386
BC_E_S_20230324,985.6470575904152
BC_E_S_20230325,986.6177100632765
BC_E_S_20230326,739.1418059030194
BC_E_S_20230327,1016.355354066027
BC_E_S_20230328,1001.7358054241671
BC_E_S_20230329,1014.8452066646448
BC_E_S_20230330,1016.6051248912506
BC_E_S_20230331,1008.5878749942714
CB_F_J_20230304,397.1800644608427
CB_F_J_20230305,340.5901501353801
CB_F_J_20230306,411.17972603300996
CB_F_J_20230307,411.95377426630057
CB_F_J_20230308,409.64760207355926
CB_F_J_20230309,406.8599521021438
CB_F_J_20230310,408.0623408309087
CB_F_J_20230311,403.98634394255464
CB_F_J_20230312,350.0682409951325
CB_F_J_20230313,421.0412061606848
CB_F_J_20230314,422.227020164534
CB_F_J_20230315,424.729439399487
CB_F_J_20230316,421.5549351907895
CB_F_J_20230317,430.43784713189336
CB_F_J_20230318,439.0369588828315
CB_F_J_20230319,395.12552940375735
CB_F_J_20230320,468.391250907527
CB_F_J_20230321,469.1074729587717
CB_F_J_20230322,465.891097631736
CB_F_J_20230323,453.95803043603195
CB_F_J_20230324,430.5092995071734
CB_F_J_20230325,422.66577982717365
CB_F_J_20230326,368.20844557378143
CB_F_J_20230327,441.126757372994
CB_F_J_20230328,433.96502218144485
CB_F_J_20230329,433.06521856878476
CB_F_J_20230330,442.86037095874235
CB_F_J_20230331,439.89275661919737
RD_F_J_20230304,572.9692795896297
RD_F_J_20230305,523.0444263722097
RD_F_J_20230306,600.9985252851882
RD_F_J_20230307,599.1104926573996
RD_F_J_20230308,596.2340494231973
RD_F_J_20230309,594.8414774722111
RD_F_J_20230310,593.0284643905281
RD_F_J_20230311,593.1143864292892
RD_F_J_20230312,538.795788638151
RD_F_J_20230313,617.2223326563712
RD_F_J_20230314,620.9323580540058
RD_F_J_20230315,623.6380336668516
RD_F_J_20230316,623.1692361386955
RD_F_J_20230317,621.9464545377436
RD_F_J_20230318,622.4802028135146
RD_F_J_20230319,563.184371007872
RD_F_J_20230320,643.092802416239
RD_F_J_20230321,643.6941139742391
RD_F_J_20230322,640.4696747942879
RD_F_J_20230323,634.2743520101379
RD_F_J_20230324,628.6261674516139
RD_F_J_20230325,627.1587586333169
RD_F_J_20230326,568.8503588352521
RD_F_J_20230327,649.5708068081507
RD_F_J_20230328,646.9549791345901
RD_F_J_20230329,642.5949863875414
RD_F_J_20230330,630.9198639714901
RD_F_J_20230331,621.1162079016042
